[
{"city":{"id":99548,"name":"Al Aziziyah","findname":"AL AZIZIYAH","country":"IQ","coord":{"lon":45.06163,"lat":32.90583},"zoom":8,"langs":[{"ar":"العزيزية"}]},"time":1489493100,"main":{"temp":294.514,"temp_min":294.514,"temp_max":294.514,"pressure":1025.81,"sea_level":1029.07,"grnd_level":1025.81,"humidity":59},"wind":{"speed":2.66,"deg":336.501},"clouds":{"all":8},"weather":[{"id":800,"main":"Clear","description":"sky is clear","icon":"02d"}]},
{"city":{"id":2306104,"name":"Accra","findname":"ACCRA","country":"GH","coord":{"lon":-0.1969,"lat":5.55602},"zoom":7},"time":1489489702,"main":{"temp":301.014,"temp_min":301.014,"temp_max":301.014,"pressure":1023.95,"sea_level":1024.85,"grnd_level":1023.95,"humidity":94},"wind":{"speed":4.66,"deg":198.001},"clouds":{"all":32},"weather":[{"id":802,"main":"Clouds","description":"scattered clouds","icon":"03d"}]},
{"city":{"id":361058,"name":"Alexandria","findname":"ALEXANDRIA","country":"EG","coord":{"lon":29.955271,"lat":31.215639},"zoom":6},"time":1489489706,"main":{"temp":291.71,"pressure":1020,"humidity":55,"temp_min":291.15,"temp_max":292.15},"wind":{"speed":4.6,"deg":340},"clouds":{"all":40},"weather":[{"id":802,"main":"Clouds","description":"scattered clouds","icon":"03d"}]},
{"city":{"id":2759794,"name":"Amsterdam","findname":"AMSTERDAM","country":"NL","coord":{"lon":4.88969,"lat":52.374031},"zoom":7},"time":1489488527,"main":{"temp":284.13,"pressure":1030,"humidity":76,"temp_min":282.15,"temp_max":285.15},"wind":{"speed":5.7,"deg":210,"var_beg":180,"var_end":240},"clouds":{"all":20},"weather":[{"id":801,"main":"Clouds","description":"few clouds","icon":"02d"}]},
{"city":{"id":5879400,"name":"Anchorage","findname":"ANCHORAGE","country":"US","coord":{"lon":-149.900284,"lat":61.21806},"zoom":1,"langs":[{"af":"Anchorage"},{"bg":"Анкоридж"},{"bpy":"আন্চোরগে ব্যুরো"},{"cs":"Anchorage"},{"da":"Anchorage"},{"de":"Anchorage"},{"en":"Anchorage"},{"es":"Anchorage"},{"fi":"Anchorage"},{"fr":"Anchorage"},{"gl":"Anchorage"},{"hr":"Anchorage"},{"hu":"Anchorage"},{"id":"Anchorage"},{"io":"Anchorage"},{"it":"Anchorage"},{"ja":"アンカレッジ"},{"ko":"앵커리지"},{"link":"http:\/\/en.wikipedia.org\/wiki\/Anchorage%2C_Alaska"},{"lt":"Ankoridžas"},{"nl":"Anchorage"},{"no":"Anchorage"},{"pl":"Anchorage"},{"post":"99513"},{"pt":"Anchorage"},{"ru":"Анкоридж"},{"sk":"Anchorage"},{"sv":"Anchorage"},{"tr":"Anchorage"},{"uk":"Анкорідж"},{"zh":"安克拉治"}]},"time":1489494770,"main":{"temp":265.49,"pressure":1001,"humidity":44,"temp_min":265.15,"temp_max":266.15},"wind":{"speed":4.1,"deg":320,"gust":7.2},"clouds":{"all":1},"weather":[{"id":800,"main":"Clear","description":"sky is clear","icon":"01n"}]},
{"city":{"id":323777,"name":"Antalya","findname":"ANTALYA","country":"TR","coord":{"lon":30.69556,"lat":36.908119},"zoom":7,"langs":[{"bg":"Анталия"},{"br":"Antalya"},{"cs":"Antalya"},{"da":"Antalya"},{"de":"Antalya"},{"el":"Αττάλεια"},{"en":"Antalya"},{"es":"Antalya"},{"fi":"Antalya"},{"fr":"Antalya"},{"gl":"Antalya"},{"he":"אנטליה"},{"hu":"Antalya"},{"iata":"AYT"},{"id":"Antalya"},{"it":"Adalia"},{"ja":"アンタルヤ"},{"link":"http:\/\/en.wikipedia.org\/wiki\/Antalya"},{"nl":"Antalya"},{"pl":"Antalya"},{"pt":"Antália"},{"ru":"Анталия"},{"sv":"Antalya"},{"tr":"Antalya"},{"zh":"安塔利亞"}]},"time":1489493920,"main":{"temp":289.15,"pressure":1014,"temp_min":289.15,"temp_max":289.15,"humidity":72},"wind":{"speed":5.1,"deg":10},"clouds":{"all":40},"weather":[{"id":802,"main":"Clouds","description":"scattered clouds","icon":"03d"}]},
{"city":{"id":4180386,"name":"Athens","findname":"ATHENS","country":"US","coord":{"lon":-83.377937,"lat":33.960949},"zoom":8,"langs":[{"link":"http:\/\/en.wikipedia.org\/wiki\/Athens%2C_Georgia"},{"mk":"Атина"},{"post":"30603"}]},"time":1489494098,"main":{"temp":276.84,"pressure":1010,"humidity":100,"temp_min":276.15,"temp_max":277.15},"wind":{"speed":3.1,"deg":270},"clouds":{"all":1},"weather":[{"id":800,"main":"Clear","description":"sky is clear","icon":"01d"}]},
{"city":{"id":98182,"name":"Baghdad","findname":"BAGHDAD","country":"IQ","coord":{"lon":44.400879,"lat":33.34058},"zoom":1},"time":1489491650,"main":{"temp":296.15,"pressure":1016,"humidity":31,"temp_min":296.15,"temp_max":296.15},"wind":{"speed":3.1,"deg":270,"var_beg":240,"var_end":340},"clouds":{"all":40},"weather":[{"id":802,"main":"Clouds","description":"scattered clouds","icon":"03d"}]},
{"city":{"id":1277539,"name":"Bali","findname":"BALI","country":"IN","coord":{"lon":88.340279,"lat":22.646111},"zoom":12,"langs":[{"ru":"Бали"}]},"time":1489493015,"main":{"temp":302.15,"pressure":1011,"humidity":35,"temp_min":302.15,"temp_max":302.15},"wind":{"speed":2.1,"deg":300},"clouds":{"all":0},"weather":[{"id":721,"main":"Haze","description":"haze","icon":"50d"}]},
{"city":{"id":1609350,"name":"Bangkok","findname":"BANGKOK","country":"TH","coord":{"lon":100.51667,"lat":13.75},"zoom":5},"time":1489487542,"main":{"temp":306.66,"pressure":1007,"humidity":62,"temp_min":305.15,"temp_max":308.15},"wind":{"speed":6.2,"deg":190,"var_beg":160,"var_end":230},"clouds":{"all":20},"weather":[{"id":801,"main":"Clouds","description":"few clouds","icon":"02d"}]},
{"city":{"id":3648559,"name":"Barcelona","findname":"BARCELONA","country":"VE","coord":{"lon":-64.699997,"lat":10.13333},"zoom":7},"time":1489491825,"main":{"temp":298.164,"temp_min":298.164,"temp_max":298.164,"pressure":1023.54,"sea_level":1027.61,"grnd_level":1023.54,"humidity":96},"wind":{"speed":4.46,"deg":66.5008},"clouds":{"all":20},"weather":[{"id":801,"main":"Clouds","description":"few clouds","icon":"02d"}]},
{"city":{"id":1816670,"name":"Beijing","findname":"BEIJING","country":"CN","coord":{"lon":116.397232,"lat":39.907501},"zoom":1},"time":1489492232,"main":{"temp":286.15,"pressure":1024,"humidity":12,"temp_min":286.15,"temp_max":286.15},"wind":{"speed":2,"deg":170,"var_beg":130,"var_end":210},"clouds":{"all":0},"weather":[{"id":800,"main":"Clear","description":"Sky is Clear","icon":"01n"}]},
{"city":{"id":2950159,"name":"Berlin","findname":"BERLIN","country":"DE","coord":{"lon":13.41053,"lat":52.524368},"zoom":4},"time":1489489383,"main":{"temp":279.15,"pressure":1029,"humidity":81,"temp_min":279.15,"temp_max":279.15},"wind":{"speed":4.1,"deg":250,"var_beg":220,"var_end":280},"clouds":{"all":75},"weather":[{"id":803,"main":"Clouds","description":"broken clouds","icon":"04d"}]},
{"city":{"id":2661552,"name":"Bern","findname":"BERN","country":"CH","coord":{"lon":7.44744,"lat":46.94809},"zoom":8,"langs":[{"als":"Bern"},{"am":"ቤርን"},{"an":"Berna"},{"ar":"برن"},{"arc":"ܒܪܢ"},{"az":"Bern"},{"bg":"Берн"},{"br":"Bern"},{"bs":"Bern"},{"ca":"Berna"},{"cs":"Bern"},{"da":"Bern"},{"de":"Bern"},{"el":"Βέρνη"},{"en":"Berne"},{"eo":"Berno"},{"es":"Berna"},{"et":"Bern"},{"eu":"Berna"},{"fi":"Bern"},{"fr":"Berne"},{"frp":"Bèrna"},{"fur":"Berna"},{"gd":"Berne"},{"gl":"Berna"},{"he":"ברן"},{"hi":"बर्न"},{"hr":"Bern"},{"hu":"Bern"},{"hy":"Բեռն"},{"id":"Bern"},{"io":"Bern"},{"it":"Berna"},{"ja":"ベルン"},{"ko":"베른"},{"la":"Berna"},{"lb":"Bern"},{"link":"http:\/\/en.wikipedia.org\/wiki\/Bern"},{"lmo":"Berna"},{"lt":"Bernas"},{"lv":"Berne"},{"nl":"Bern"},{"nn":"Bern"},{"no":"Bern"},{"pdc":"Bann"},{"pl":"Berno"},{"pt":"Berna"},{"qu":"Bern"},{"rm":"Berna"},{"ro":"Berna"},{"ru":"Берн"},{"scn":"Berna"},{"sh":"Bern"},{"sk":"Bern"},{"sl":"Bern"},{"sq":"Berni"},{"sr":"Берн"},{"sv":"Bern"},{"tg":"Берн"},{"tr":"Bern"},{"ug":"بېرن"},{"vo":"Bern"},{"zh":"伯尔尼"}]},"time":1489492114,"main":{"temp":285.66,"pressure":1031,"humidity":44,"temp_min":284.15,"temp_max":287.15},"wind":{"speed":3.1,"deg":290,"var_beg":250,"var_end":340},"clouds":{"all":0},"weather":[{"id":800,"main":"Clear","description":"Sky is Clear","icon":"01d"}]},
{"city":{"id":2260535,"name":"Brazzaville","findname":"BRAZZAVILLE","country":"CG","coord":{"lon":15.28318,"lat":-4.26583},"zoom":12},"time":1489491289,"main":{"temp":300.15,"pressure":1014,"humidity":74,"temp_min":300.15,"temp_max":300.15},"wind":{"speed":2.1,"deg":0},"clouds":{"all":20},"weather":[{"id":801,"main":"Clouds","description":"few clouds","icon":"02d"}]},
{"city":{"id":2800866,"name":"Brussels","findname":"BRUSSELS","country":"BE","coord":{"lon":4.34878,"lat":50.850449},"zoom":6},"time":1489490917,"main":{"temp":285.63,"pressure":1032,"humidity":71,"temp_min":284.15,"temp_max":286.15},"wind":{"speed":4.1,"deg":230},"clouds":{"all":0},"weather":[{"id":800,"main":"Clear","description":"Sky is Clear","icon":"01d"}]},
{"city":{"id":683506,"name":"Bucharest","findname":"BUCHAREST","country":"RO","coord":{"lon":26.10626,"lat":44.432251},"zoom":5},"time":1489489518,"main":{"temp":282.15,"pressure":1023,"humidity":81,"temp_min":282.15,"temp_max":282.15},"wind":{"speed":3.1,"deg":280,"var_beg":250,"var_end":320},"clouds":{"all":0},"weather":[{"id":800,"main":"Clear","description":"Sky is Clear","icon":"01d"}]},
{"city":{"id":3054643,"name":"Budapest","findname":"BUDAPEST","country":"HU","coord":{"lon":19.039909,"lat":47.498009},"zoom":5},"time":1489491535,"main":{"temp":282.15,"pressure":1027,"humidity":57,"temp_min":282.15,"temp_max":282.15},"wind":{"speed":2.1,"deg":310},"clouds":{"all":20},"weather":[{"id":801,"main":"Clouds","description":"few clouds","icon":"02d"}]},
{"city":{"id":3435910,"name":"Buenos Aires","findname":"BUENOS AIRES","country":"AR","coord":{"lon":-58.377232,"lat":-34.613152},"zoom":1},"time":1489490831,"main":{"temp":290.51,"pressure":1014,"humidity":82,"temp_min":289.15,"temp_max":291.15},"wind":{"speed":2.1,"deg":70},"clouds":{"all":0},"weather":[{"id":800,"main":"Clear","description":"Sky is Clear","icon":"01d"}]},
{"city":{"id":3531673,"name":"Cancun","findname":"CANCUN","country":"MX","coord":{"lon":-86.846558,"lat":21.17429},"zoom":6},"time":1489487515,"main":{"temp":294.15,"pressure":1015,"humidity":94,"temp_min":294.15,"temp_max":294.15},"wind":{"speed":2.51,"deg":321.501},"clouds":{"all":75},"weather":[{"id":803,"main":"Clouds","description":"broken clouds","icon":"04n"}]},
{"city":{"id":3369157,"name":"Cape Town","findname":"CAPE TOWN","country":"ZA","coord":{"lon":18.42322,"lat":-33.925838},"zoom":1},"time":1489489721,"main":{"temp":293.164,"temp_min":293.164,"temp_max":293.164,"pressure":1017.06,"sea_level":1024.16,"grnd_level":1017.06,"humidity":79},"wind":{"speed":4.31,"deg":298.501},"clouds":{"all":0},"weather":[{"id":800,"main":"Clear","description":"Sky is Clear","icon":"01d"}]},
{"city":{"id":2253354,"name":"Dakar","findname":"DAKAR","country":"SN","coord":{"lon":-17.444059,"lat":14.6937},"zoom":1},"time":1489489708,"main":{"temp":300.15,"pressure":1012,"humidity":57,"temp_min":300.15,"temp_max":300.15},"wind":{"speed":1.5,"deg":0},"clouds":{"all":0},"weather":[{"id":800,"main":"Clear","description":"Sky is Clear","icon":"01d"}]},
{"city":{"id":170654,"name":"Damascus","findname":"DAMASCUS","country":"SY","coord":{"lon":36.291279,"lat":33.510201},"zoom":7,"langs":[{"am":"ደማስቆ"},{"ar":"دمشق"},{"arc":"ܕܪܡܣܘܩ"},{"bg":"Дамаск"},{"bs":"Damask"},{"ca":"Damasc"},{"cs":"Damašek"},{"cu":"Дамаскъ"},{"da":"Damaskus"},{"de":"Damaskus"},{"el":"Δαμασκός"},{"en":"Damascus"},{"eo":"Damasko"},{"es":"Damasco"},{"eu":"Damasko"},{"fa":"دمشق"},{"fi":"Damaskos"},{"fr":"Damas"},{"frp":"Damas"},{"he":"דמשק"},{"hr":"Damask"},{"hy":"Դամասկոս"},{"id":"Damaskus"},{"is":"Damaskus"},{"it":"Damasco"},{"ja":"ダマスカス"},{"ko":"다마스쿠스"},{"ku":"Şam"},{"la":"Damascus"},{"link":"http:\/\/en.wikipedia.org\/wiki\/Damascus"},{"lt":"Damaskas"},{"nl":"Damascus"},{"no":"Damaskus"},{"pl":"Damaszek"},{"pt":"Damasco"},{"ro":"Damasc"},{"ru":"Дамаск"},{"scn":"Damascu"},{"sh":"Damask"},{"sk":"Damask"},{"sl":"Damask"},{"sr":"Дамаск"},{"sv":"Damaskus"},{"tg":"Димишқ"},{"tr":"Şam"},{"ur":"دمشق"},{"vo":"Dimäjk"},{"zh":"大馬士革"}]},"time":1489493817,"main":{"temp":290.15,"pressure":1017,"humidity":45,"temp_min":290.15,"temp_max":290.15},"wind":{"speed":9.3,"deg":260},"clouds":{"all":40},"weather":[{"id":802,"main":"Clouds","description":"scattered clouds","icon":"03d"}]},
{"city":{"id":1645528,"name":"Denpasar","findname":"DENPASAR","country":"ID","coord":{"lon":115.216667,"lat":-8.65},"zoom":8},"time":1489490863,"main":{"temp":299.15,"pressure":1009,"humidity":78,"temp_min":299.15,"temp_max":299.15},"wind":{"speed":2.1,"deg":350,"var_beg":310,"var_end":70},"clouds":{"all":40},"weather":[{"id":802,"main":"Clouds","description":"scattered clouds","icon":"03d"}]},
{"city":{"id":223817,"name":"Djibouti","findname":"DJIBOUTI","country":"DJ","coord":{"lon":43.14468,"lat":11.58767},"zoom":6,"langs":[{"da":"Djibouti"},{"de":"Dschibuti"},{"el":"Τζιμπουτί"},{"en":"Djibouti"},{"eo":"Ĝibuto"},{"es":"Yibuti"},{"fa":"جیبوتی"},{"fi":"Djibouti"},{"fr":"Djibouti"},{"he":"ג'יבוטי"},{"it":"Gibuti"},{"ja":"ジブチ市"},{"ko":"지부티"},{"link":"http:\/\/en.wikipedia.org\/wiki\/Djibouti_%28city%29"},{"lt":"Džibutis"},{"nl":"Djibouti"},{"no":"Djibouti"},{"pl":"Dżibuti"},{"pt":"Djibouti"},{"ru":"Джибути"},{"sk":"Džibuti"},{"sl":"Džibuti"},{"sv":"Djibouti"},{"sw":"Jibuti"},{"tr":"Cibuti"},{"ur":"جبوتی سٹی"},{"zh":"吉布地"}]},"time":1489492418,"main":{"temp":302.15,"pressure":1012,"humidity":58,"temp_min":302.15,"temp_max":302.15},"wind":{"speed":4.1,"deg":90,"gust":7.2},"clouds":{"all":1},"weather":[{"id":800,"main":"Clear","description":"sky is clear","icon":"01d"}]},
{"city":{"id":4192205,"name":"Dublin","findname":"DUBLIN","country":"US","coord":{"lon":-82.903748,"lat":32.54044},"zoom":8,"langs":[{"link":"http:\/\/en.wikipedia.org\/wiki\/Dublin%2C_Georgia"},{"post":"31027"},{"ru":"Дублин"}]},"time":1489489051,"main":{"temp":278.92,"pressure":1012,"humidity":86,"temp_min":278.15,"temp_max":279.15},"wind":{"speed":3.1,"deg":300},"clouds":{"all":90},"weather":[{"id":804,"main":"Clouds","description":"overcast clouds","icon":"04n"}]},
{"city":{"id":292223,"name":"Dubai","findname":"DUBAI","country":"AE","coord":{"lon":55.304722,"lat":25.258169},"zoom":5},"time":1489490218,"main":{"temp":305.21,"pressure":1011,"humidity":31,"temp_min":304.15,"temp_max":306.15},"wind":{"speed":4.1,"deg":260,"var_beg":230,"var_end":290},"clouds":{"all":0},"weather":[{"id":800,"main":"Clear","description":"Sky is Clear","icon":"01d"}]},
{"city":{"id":1863967,"name":"Fukuoka-shi","findname":"FUKUOKA-SHI","country":"JP","coord":{"lon":130.41806,"lat":33.606392},"zoom":6},"time":1489489880,"main":{"temp":282.82,"pressure":1015,"humidity":46,"temp_min":282.15,"temp_max":283.15},"wind":{"speed":2.1,"deg":30,"var_beg":350,"var_end":100},"clouds":{"all":40},"weather":[{"id":500,"main":"Rain","description":"light rain","icon":"10n"}]},
{"city":{"id":1809858,"name":"Guangzhou","findname":"GUANGZHOU","country":"CN","coord":{"lon":113.25,"lat":23.116671},"zoom":8},"time":1489489404,"main":{"temp":289.15,"pressure":1017,"humidity":67,"temp_min":289.15,"temp_max":289.15},"wind":{"speed":4,"deg":20},"clouds":{"all":90},"weather":[{"id":804,"main":"Clouds","description":"overcast clouds","icon":"04d"}]},
{"city":{"id":3598132,"name":"Guatemala City","findname":"GUATEMALA CITY","country":"GT","coord":{"lon":-90.513268,"lat":14.64072},"zoom":1},"time":1489491798,"main":{"temp":290.15,"pressure":1025,"humidity":88,"temp_min":290.15,"temp_max":290.15},"wind":{"speed":6.2,"deg":360},"clouds":{"all":40},"weather":[{"id":802,"main":"Clouds","description":"scattered clouds","icon":"03n"}]},
{"city":{"id":1581130,"name":"Ha Noi","findname":"HA NOI","country":"VN","coord":{"lon":105.841171,"lat":21.0245},"zoom":6,"langs":[{"am":"ሀኖይ"},{"ar":"هانوي"},{"bs":"Hanoi"},{"ca":"Hanoi"},{"cs":"Hanoj"},{"da":"Hanoi"},{"de":"Hanoi"},{"el":"Ανόι"},{"en":"Hanoi"},{"eo":"Hanoi"},{"es":"Hanói"},{"et":"Hanoi"},{"eu":"Hanoi"},{"fa":"هانوی"},{"fi":"Hanoi"},{"fr":"Hanoï"},{"ga":"Ha Noi"},{"he":"האנוי"},{"hu":"Hanoi"},{"id":"Hanoi"},{"io":"Hanoi"},{"it":"Hanoi"},{"ja":"ハノイ"},{"ko":"하노이"},{"link":"http:\/\/en.wikipedia.org\/wiki\/Hanoi"},{"lt":"Hanojus"},{"nds":"Hanoi"},{"nl":"Hanoi"},{"nn":"Hanoi"},{"no":"Hanoi"},{"pl":"Hanoi"},{"pt":"Hanói"},{"ru":"Ханой"},{"sk":"Hanoj"},{"sl":"Hanoj"},{"sv":"Hanoi"},{"tg":"Ханой"},{"th":"ฮานอย"},{"tl":"Hanoi"},{"tr":"Hanoi"},{"vi":"Hà Nội"},{"zh":"河內"}]},"time":1489494781,"main":{"temp":293.214,"temp_min":293.214,"temp_max":293.214,"pressure":1019.9,"sea_level":1028.26,"grnd_level":1019.9,"humidity":81},"wind":{"speed":2.31,"deg":54.5008},"clouds":{"all":80},"weather":[{"id":803,"main":"Clouds","description":"broken clouds","icon":"04n"}]},
{"city":{"id":3553478,"name":"Havana","findname":"HAVANA","country":"CU","coord":{"lon":-82.383041,"lat":23.13302},"zoom":1},"time":1489488534,"main":{"temp":293.15,"pressure":1014,"humidity":88,"temp_min":293.15,"temp_max":293.15},"wind":{"speed":1.5,"deg":220},"clouds":{"all":40},"weather":[{"id":802,"main":"Clouds","description":"scattered clouds","icon":"03n"}]},
{"city":{"id":658225,"name":"Helsinki","findname":"HELSINKI","country":"FI","coord":{"lon":24.93545,"lat":60.169521},"zoom":1},"time":1489491661,"main":{"temp":274.15,"pressure":1017,"temp_min":274.15,"temp_max":274.15,"humidity":91},"wind":{"speed":7.7,"deg":180},"clouds":{"all":90},"weather":[{"id":804,"main":"Clouds","description":"overcast clouds","icon":"04d"}]},
{"city":{"id":1819729,"name":"Hong Kong","findname":"HONG KONG","country":"HK","coord":{"lon":114.157692,"lat":22.285521},"zoom":5,"langs":[{"da":"Victoria"},{"de":"Hong Kong"},{"el":"Hong Kong"},{"en":"Hong Kong"},{"es":"Hong Kong"},{"fi":"Hong Kong"},{"fr":"Hong Kong"},{"iata":"HKG"},{"it":"Hong Kong"},{"link":"http:\/\/en.wikipedia.org\/wiki\/Hong_Kong"},{"pt":"Victoria"},{"ru":"Гонконг"},{"sv":"Hong Kong"}]},"time":1489490089,"main":{"temp":290.72,"pressure":1016,"humidity":93,"temp_min":290.15,"temp_max":291.15},"wind":{"speed":5.7,"deg":10},"clouds":{"all":75},"weather":[{"id":500,"main":"Rain","description":"light rain","icon":"10d"},{"id":701,"main":"Mist","description":"mist","icon":"50d"}]},
{"city":{"id":5856195,"name":"Honolulu","findname":"HONOLULU","country":"US","coord":{"lon":-157.858337,"lat":21.30694},"zoom":1,"langs":[{"af":"Honolulu"},{"ar":"هونولولو"},{"bg":"Хонолулу"},{"ca":"Honolulu"},{"cs":"Honolulu"},{"da":"Honolulu"},{"de":"Honolulu"},{"en":"Honolulu"},{"eo":"Honolulu"},{"es":"Honolulú"},{"eu":"Honolulu"},{"fa":"هونولولو"},{"fi":"Honolulu"},{"fr":"Honolulu"},{"gl":"Honolulú"},{"haw":"Honolulu"},{"he":"הונולולו"},{"hu":"Honolulu"},{"id":"Honolulu"},{"io":"Honolulu"},{"it":"Honolulu"},{"ja":"ホノルル"},{"ko":"호놀룰루"},{"link":"http:\/\/ru.wikipedia.org\/wiki\/%D0%93%D0%BE%D0%BD%D0%BE%D0%BB%D1%83%D0%BB%D1%83"},{"nl":"Honolulu"},{"nn":"Honolulu"},{"no":"Honolulu"},{"oc":"Honolulu"},{"pl":"Honolulu"},{"post":"96846"},{"pt":"Honolulu"},{"ro":"Honolulu"},{"ru":"Гонолулу"},{"sk":"Honolulu"},{"sv":"Honolulu"},{"vi":"Honolulu"},{"zh":"檀香山"}]},"time":1489494769,"main":{"temp":294.13,"pressure":1017,"humidity":78,"temp_min":292.15,"temp_max":296.15},"wind":{"speed":2.6,"deg":340},"clouds":{"all":20},"weather":[{"id":500,"main":"Rain","description":"light rain","icon":"10n"}]},
{"city":{"id":1176615,"name":"Islamabad","findname":"ISLAMABAD","country":"PK","coord":{"lon":73.043289,"lat":33.721481},"zoom":8,"langs":[{"da":"Islamabad"},{"de":"Islamabad"},{"el":"Ισλαμαμπάντ"},{"en":"Islamabad"},{"es":"Islamabad"},{"fi":"Islamabad"},{"fr":"Islamabad"},{"it":"Islamabad"},{"link":"http:\/\/en.wikipedia.org\/wiki\/Islamabad"},{"no":"Islamabad"},{"pt":"Islamabade"},{"ru":"Исламабад"},{"sv":"Islamabad"}]},"time":1489493648,"main":{"temp":296.15,"pressure":1017,"humidity":25,"temp_min":296.15,"temp_max":296.15},"wind":{"speed":7.2,"deg":50},"clouds":{"all":20},"weather":[{"id":721,"main":"Haze","description":"haze","icon":"50d"}]},
{"city":{"id":745042,"name":"İstanbul","findname":"İSTANBUL","country":"TR","coord":{"lon":28.983311,"lat":41.03508},"zoom":1,"langs":[{"bg":"Истанбул"},{"el":"Ισταμπούλ"},{"en":"Istanbul"},{"es":"Provincia de Estambul"},{"ja":"イスタンブール"},{"link":"http:\/\/en.wikipedia.org\/wiki\/Istanbul_Province"},{"no":"Istanbul"},{"ru":"Стамбул"},{"tr":"İstanbul"},{"zh":"伊斯坦布尔"}]},"time":1489487390,"main":{"temp":277.63,"pressure":1020,"humidity":86,"temp_min":277.15,"temp_max":278.15},"wind":{"speed":4.6,"deg":290,"var_beg":260,"var_end":320},"clouds":{"all":75},"weather":[{"id":500,"main":"Rain","description":"light rain","icon":"10d"}]},
{"city":{"id":1642911,"name":"Jakarta","findname":"JAKARTA","country":"ID","coord":{"lon":106.845131,"lat":-6.21462},"zoom":1,"langs":[{"am":"ጃካርታ"},{"an":"Yakarta"},{"ar":"جاكرتا"},{"bg":"Джакарта"},{"bn":"জাকার্তা"},{"bo":"ཊ་ཁར་ཏ"},{"bs":"Džakarta"},{"ca":"Jakarta"},{"cs":"Jakarta"},{"da":"Jakarta"},{"de":"Jakarta"},{"el":"Τζακάρτα"},{"en":"Jakarta"},{"eo":"Ĝakarto"},{"es":"Yakarta"},{"eu":"Jakarta"},{"fa":"جاکارتا"},{"fi":"Jakarta"},{"fr":"Jakarta"},{"gl":"Iacarta - Jakarta"},{"he":"ג'קרטה"},{"hi":"जकार्ता"},{"hr":"Jakarta"},{"hu":"Jakarta"},{"iata":"JKT"},{"id":"Jakarta"},{"io":"Jakarta"},{"is":"Djakarta"},{"it":"Giakarta"},{"ja":"ジャカルタ"},{"jv":"Jakarta"},{"ko":"자카르타"},{"link":"http:\/\/en.wikipedia.org\/wiki\/Jakarta"},{"lt":"Džakarta"},{"lv":"Džakarta"},{"ms":"Jakarta"},{"nl":"Jakarta"},{"nn":"Jakarta"},{"no":"Jakarta"},{"pl":"Dżakarta"},{"pt":"Jakarta"},{"ru":"Джакарта"},{"sh":"Džakarta"},{"sk":"Jakarta"},{"sq":"Jakarta"},{"sr":"Џакарта"},{"su":"Jakarta"},{"sv":"Jakarta"},{"sw":"Jakarta"},{"th":"จาการ์ตา"},{"tr":"Cakarta"},{"ug":"جاكارتا"},{"vi":"Jakarta"},{"zh":"雅加达"}]},"time":1489492717,"main":{"temp":302.66,"pressure":1009,"humidity":70,"temp_min":302.15,"temp_max":303.15},"wind":{"speed":5.7,"deg":260},"clouds":{"all":40},"weather":[{"id":802,"main":"Clouds","description":"scattered clouds","icon":"03n"}]},
{"city":{"id":281184,"name":"Jerusalem","findname":"JERUSALEM","country":"IL","coord":{"lon":35.216331,"lat":31.769039},"zoom":7,"langs":[{"akk":"Urušalim"},{"am":"እየሩሳሌም"},{"an":"Cherusalén"},{"ar":"يبوس"},{"arc":"ܘܪܫܠܡ"},{"ast":"Xerusalén"},{"be":"Ерусалім"},{"bg":"Йерусалим"},{"bn":"জেরুসালেম"},{"ca":"Jerusalem"},{"cs":"Jeruzalém"},{"cu":"Їерѹсалимъ"},{"cy":"Jeriwsalem"},{"da":"Jerusalem"},{"de":"Jerusalem"},{"el":"Ιερουσαλήμ"},{"en":"Jerusalem"},{"eo":"Jerusalemo"},{"es":"Jerusalén"},{"et":"Jeruusalemm"},{"eu":"Jerusalem"},{"fa":"اورشلیم"},{"fi":"Jerusalem"},{"fj":"Jerusalemi"},{"fr":"Jérusalem"},{"ga":"Iarúsailéim"},{"gd":"Ierusalem"},{"gl":"Xerusalén"},{"grc":"Σολυμα"},{"he":"Ir Ha-Qdoosha"},{"hi":"येरुशलम"},{"hr":"Jeruzalem"},{"hu":"Jeruzsálem"},{"hy":"Երուսաղեմ"},{"id":"Yerusalem"},{"io":"Jerusalem"},{"is":"Jerúsalem"},{"it":"Gerusalemme"},{"ja":"エルサレム"},{"jv":"Yerusalem"},{"ka":"იერუსალიმი"},{"ko":"예루살렘"},{"la":"Hierosolyma"},{"lad":"Yerushalayim"},{"lb":"Jerusalem"},{"link":"http:\/\/en.wikipedia.org\/wiki\/Jerusalem"},{"lt":"Jeruzalė"},{"lv":"Jeruzāleme"},{"ms":"Baitulmuqaddis"},{"nl":"Jeruzalem"},{"nn":"Jerusalem"},{"no":"Jerusalem"},{"non":"Jórsalaborg"},{"pl":"Jerozolima"},{"pt":"Jerusalém"},{"rm":"Jerusalem"},{"ro":"Ierusalim"},{"ru":"Иерусалим"},{"scn":"Girusalemmi"},{"sh":"Adonai-jireh"},{"sk":"Jeruzalem"},{"sl":"Jeruzalem"},{"sm":"Ierusalema"},{"sq":"Jeruzalemi"},{"sr":"Јерусалим"},{"sv":"Jerusalem"},{"syr":"ܨܗܝܘܢ"},{"tg":"Иерусалим"},{"th":"เยรูซาเลม"},{"tl":"Jerusalem"},{"tpi":"Yerusalem"},{"tr":"Kudüs"},{"tw":"Yerusalem"},{"ug":"يېرۇسالېم"},{"uk":"Єрусалим"},{"ur":"بیت المقدس"},{"vi":"Jerusalem"},{"vo":"Hierusalem"},{"wa":"Djeruzalem"},{"yi":"ירושלים"},{"yo":"Jerúsálẹ́mù"},{"zh":"耶路撒冷"}]},"time":1489492719,"main":{"temp":291.15,"pressure":1018,"humidity":63,"temp_min":291.15,"temp_max":291.15},"wind":{"speed":6.2,"deg":250},"clouds":{"all":20},"weather":[{"id":801,"main":"Clouds","description":"few clouds","icon":"02d"}]},
{"city":{"id":993800,"name":"Johannesburg","findname":"JOHANNESBURG","country":"ZA","coord":{"lon":28.043631,"lat":-26.202271},"zoom":1},"time":1489489700,"main":{"temp":298.39,"pressure":1028,"humidity":38,"temp_min":293.15,"temp_max":303.15},"wind":{"speed":1.5,"deg":210},"clouds":{"all":24},"weather":[{"id":500,"main":"Rain","description":"light rain","icon":"10d"}],"rain":{"3h":0.62}},
{"city":{"id":1283240,"name":"Kathmandu","findname":"KATHMANDU","country":"NP","coord":{"lon":85.316666,"lat":27.716667},"zoom":7},"time":1489487389,"main":{"temp":291.15,"pressure":1017,"humidity":45,"temp_min":291.15,"temp_max":291.15},"wind":{"speed":9.3,"deg":240,"var_beg":200,"var_end":270},"clouds":{"all":75},"weather":[{"id":501,"main":"Rain","description":"proximity moderate rain","icon":"10d"}]},
{"city":{"id":379252,"name":"Khartoum","findname":"KHARTOUM","country":"SD","coord":{"lon":32.53241,"lat":15.55177},"zoom":1,"langs":[{"am":"ካርቱም"},{"ar":"خرطوم"},{"bg":"Хартум"},{"bo":"ཁར་ཏུམ"},{"ca":"Khartum"},{"cs":"Chartúm"},{"cy":"Khartoum"},{"da":"Khartoum"},{"de":"Khartum"},{"el":"Χαρτούμ"},{"en":"Khartoum"},{"eo":"Ĥartumo"},{"es":"Jartum"},{"et":"Hartum"},{"fa":"خارطوم"},{"fi":"Khartum"},{"fr":"Khartoum"},{"ga":"Cartúm"},{"gl":"Khartún - الخرطوم"},{"he":"חרטום"},{"hu":"Kartúm"},{"id":"Khartoum"},{"io":"Khartoum"},{"is":"Kartúm"},{"it":"Khartum"},{"ja":"ハルツーム"},{"ko":"하르툼"},{"link":"http:\/\/en.wikipedia.org\/wiki\/Khartoum"},{"lt":"Chartumas"},{"nl":"Khartoem"},{"no":"Khartoum"},{"os":"Хартум"},{"pl":"Chartum"},{"pt":"Cartum"},{"ru":"Хартум"},{"sk":"Chartúm"},{"sr":"Картум"},{"sv":"Khartoum"},{"sw":"Khartoum"},{"ta":"கார்த்தௌம்"},{"tr":"Hartum"},{"ur":"خرطوم"},{"zh":"喀土穆"}]},"time":1489493784,"main":{"temp":312.15,"pressure":1009,"humidity":9,"temp_min":312.15,"temp_max":312.15},"wind":{"speed":6.2,"deg":10},"clouds":{"all":0},"weather":[{"id":800,"main":"Clear","description":"Sky is Clear","icon":"01d"}]},
{"city":{"id":3489854,"name":"Kingston","findname":"KINGSTON","country":"JM","coord":{"lon":-76.793579,"lat":17.997021},"zoom":4,"langs":[{"da":"Kingston"},{"el":"Κίνγκστον"},{"link":"http:\/\/en.wikipedia.org\/wiki\/Kingston,_Jamaica"},{"ru":"Кингстон"}]},"time":1489491706,"main":{"temp":299.15,"pressure":1015,"humidity":74,"temp_min":299.15,"temp_max":299.15},"wind":{"speed":1.5,"deg":90},"clouds":{"all":20},"weather":[{"id":801,"main":"Clouds","description":"few clouds","icon":"02n"}]},
{"city":{"id":1735161,"name":"Kuala Lumpur","findname":"KUALA LUMPUR","country":"MY","coord":{"lon":101.686531,"lat":3.1412},"zoom":6,"langs":[{"am":"ኩዋላ ሉምፑር"},{"bg":"Куала Лумпур"},{"ca":"Kuala Lumpur"},{"cs":"Kuala Lumpur"},{"da":"Kuala Lumpur"},{"de":"Kuala Lumpur"},{"el":"Κουάλα Λουμπούρ"},{"en":"Kuala Lumpur"},{"es":"Kuala Lumpur"},{"fi":"Kuala Lumpur"},{"fr":"Kuala Lumpur"},{"he":"קואלה לומפור"},{"hi":"कुआलालम्पुर"},{"iata":"KUL"},{"id":"Kuala Lumpur"},{"io":"Kuala Lumpur"},{"it":"Kuala Lumpur"},{"ja":"クアラルンプール"},{"ka":"კუალა-ლუმპური"},{"ko":"쿠알라룸푸르"},{"lb":"Kuala Lumpur"},{"link":"http:\/\/en.wikipedia.org\/wiki\/Kuala_Lumpur"},{"lt":"Kvala Lumpūras"},{"lv":"Kualalumpūra"},{"ms":"Kuala Lumpur"},{"nl":"Kuala Lumpur"},{"nn":"Kuala Lumpur"},{"no":"Kuala Lumpur"},{"pl":"Kuala Lumpur"},{"pt":"Kuala Lumpur"},{"ro":"Kuala Lumpur"},{"ru":"Куала-Лумпур"},{"sk":"Kuala Lumpur"},{"sv":"Kuala Lumpur"},{"th":"กัวลาลัมเปอร์"},{"tr":"Kuala Lumpur"},{"ug":"كۇئالا-لۇمپۇر"},{"vi":"Kuala Lumpur"},{"vo":"Kuala Lumpur"},{"zh":"吉隆坡"}]},"time":1489493362,"main":{"temp":300.09,"pressure":1009,"humidity":78,"temp_min":299.15,"temp_max":301.15},"wind":{"speed":0.5,"deg":240},"clouds":{"all":75},"weather":[{"id":803,"main":"Clouds","description":"broken clouds","icon":"04n"}]},
{"city":{"id":285787,"name":"Kuwait City","findname":"KUWAIT CITY","country":"KW","coord":{"lon":47.978329,"lat":29.36972},"zoom":11},"time":1489491672,"main":{"temp":299.15,"pressure":1014,"humidity":22,"temp_min":299.15,"temp_max":299.15},"wind":{"speed":6.2,"deg":350},"clouds":{"all":5},"weather":[{"id":800,"main":"Clear","description":"sky is clear","icon":"02d"}]},
{"city":{"id":3936456,"name":"Lima","findname":"LIMA","country":"PE","coord":{"lon":-77.028236,"lat":-12.04318},"zoom":1},"time":1489491717,"main":{"temp":288.664,"temp_min":288.664,"temp_max":288.664,"pressure":878.28,"sea_level":1024.81,"grnd_level":878.28,"humidity":67},"wind":{"speed":0.76,"deg":87.5008},"clouds":{"all":12},"weather":[{"id":801,"main":"Clouds","description":"few clouds","icon":"02d"}]},
{"city":{"id":2267057,"name":"Lisbon","findname":"LISBON","country":"PT","coord":{"lon":-9.13333,"lat":38.716671},"zoom":7},"time":1489487391,"main":{"temp":285.54,"pressure":1023,"humidity":62,"temp_min":284.15,"temp_max":287.15},"wind":{"speed":7.7,"deg":60},"clouds":{"all":20},"weather":[{"id":801,"main":"Clouds","description":"few clouds","icon":"02d"}]},
{"city":{"id":2643743,"name":"London","findname":"LONDON","country":"GB","coord":{"lon":-0.12574,"lat":51.50853},"zoom":13},"time":1489487512,"main":{"temp":283.46,"pressure":1032,"humidity":81,"temp_min":282.15,"temp_max":284.15},"wind":{"speed":7.2,"deg":260},"clouds":{"all":90},"weather":[{"id":721,"main":"Haze","description":"haze","icon":"50d"}]},
{"city":{"id":909137,"name":"Lusaka","findname":"LUSAKA","country":"ZM","coord":{"lon":28.28713,"lat":-15.40669},"zoom":6},"time":1489489710,"main":{"temp":297.914,"temp_min":297.914,"temp_max":297.914,"pressure":902.19,"sea_level":1023.55,"grnd_level":902.19,"humidity":75},"wind":{"speed":4.56,"deg":105.501},"clouds":{"all":0},"weather":[{"id":800,"main":"Clear","description":"Sky is Clear","icon":"01d"}]},
{"city":{"id":2960316,"name":"Luxembourg","findname":"LUXEMBOURG","country":"LU","coord":{"lon":6.13,"lat":49.611671},"zoom":9},"time":1489491680,"main":{"temp":283.94,"pressure":1032,"humidity":46,"temp_min":283.15,"temp_max":285.15},"wind":{"speed":2.6,"deg":250,"var_beg":170,"var_end":320},"clouds":{"all":0},"weather":[{"id":800,"main":"Clear","description":"Sky is Clear","icon":"01d"}]},
{"city":{"id":2659811,"name":"Luzern","findname":"LUZERN","country":"CH","coord":{"lon":8.30635,"lat":47.05048},"zoom":9,"langs":[{"de":"Luzern"},{"el":"Λουκέρνη"},{"en":"Lucerne"},{"eo":"Lucerno"},{"es":"Lucerna"},{"fi":"Luzern"},{"fr":"Lucerne"},{"he":"לוצרן"},{"it":"Medicago sativa"},{"ja":"ルツェルン"},{"lb":"Luzern"},{"link":"http:\/\/en.wikipedia.org\/wiki\/Lucerne"},{"lt":"Liucerna"},{"nl":"Luzern"},{"nn":"Luzern"},{"pl":"Lucerna"},{"pt":"Lucerna"},{"ro":"Lucerna"},{"ru":"Люцерн"},{"sv":"Luzern"},{"zh":"卢塞恩"}]},"time":1489492110,"main":{"temp":286.35,"pressure":1032,"humidity":47,"temp_min":286.15,"temp_max":287.15},"wind":{"speed":2.1,"deg":10,"var_beg":280,"var_end":90},"clouds":{"all":0},"weather":[{"id":800,"main":"Clear","description":"Sky is Clear","icon":"01d"}]},
{"city":{"id":1821274,"name":"Macau","findname":"MACAU","country":"MO","coord":{"lon":113.546112,"lat":22.20056},"zoom":9},"time":1489490887,"main":{"temp":290.71,"pressure":1016,"humidity":93,"temp_min":290.15,"temp_max":291.15},"wind":{"speed":5.7,"deg":20},"clouds":{"all":75},"weather":[{"id":500,"main":"Rain","description":"light rain","icon":"10n"},{"id":701,"main":"Mist","description":"mist","icon":"50n"}]},
{"city":{"id":3675707,"name":"Madrid","findname":"MADRID","country":"CO","coord":{"lon":-74.264191,"lat":4.73244},"zoom":12,"langs":[{"link":"http:\/\/en.wikipedia.org\/wiki\/Madrid%2C_Cundinamarca"},{"ru":"Мадрид"}]},"time":1489492292,"main":{"temp":287.364,"temp_min":287.364,"temp_max":287.364,"pressure":839.54,"sea_level":1025.05,"grnd_level":839.54,"humidity":94},"wind":{"speed":1.16,"deg":106.001},"clouds":{"all":12},"weather":[{"id":500,"main":"Rain","description":"light rain","icon":"10d"}],"rain":{"3h":2.515}},
{"city":{"id":1701668,"name":"Manila","findname":"MANILA","country":"PH","coord":{"lon":120.982201,"lat":14.6042},"zoom":5},"time":1489490848,"main":{"temp":302.15,"pressure":1010,"humidity":79,"temp_min":302.15,"temp_max":302.15},"wind":{"speed":2.1,"deg":270,"var_beg":200,"var_end":320,"gust":8.2},"clouds":{"all":75},"weather":[{"id":803,"main":"Clouds","description":"broken clouds","icon":"04n"}]},
{"city":{"id":104515,"name":"Mecca","findname":"MECCA","country":"SA","coord":{"lon":39.826111,"lat":21.42667},"zoom":9},"time":1489489742,"main":{"temp":307.15,"pressure":1010,"humidity":32,"temp_min":307.15,"temp_max":307.15},"wind":{"speed":1.5,"deg":330},"clouds":{"all":0},"weather":[{"id":800,"main":"Clear","description":"Sky is Clear","icon":"01d"}]},
{"city":{"id":3674962,"name":"Medellin","findname":"MEDELLIN","country":"CO","coord":{"lon":-75.563591,"lat":6.25184},"zoom":5,"langs":[{"bg":"Меделин"},{"cs":"Medellín"},{"de":"Medellín"},{"en":"Medellín"},{"eo":"Medellín"},{"es":"Medellín"},{"eu":"Medellin"},{"fi":"Medellín"},{"fr":"Medellín"},{"io":"Medellín"},{"it":"Medellín"},{"ja":"メデリン"},{"link":"http:\/\/en.wikipedia.org\/wiki\/Medell%C3%ADn"},{"lt":"Medeljinas"},{"nl":"Medellín"},{"no":"Medellín"},{"oc":"Medellín"},{"pl":"Medellín"},{"pt":"Medellín"},{"qu":"Medellín"},{"sv":"Medellín"}]},"time":1489492292,"main":{"temp":288.27,"pressure":1026,"humidity":100,"temp_min":286.15,"temp_max":290.15},"wind":{"speed":0.76,"deg":51.0008},"clouds":{"all":90},"weather":[{"id":741,"main":"Fog","description":"fog","icon":"50d"}]},
{"city":{"id":3173435,"name":"Milano","findname":"MILANO","country":"IT","coord":{"lon":9.18951,"lat":45.464272},"zoom":5},"time":1489490153,"main":{"temp":288.15,"pressure":1028,"humidity":41,"temp_min":288.15,"temp_max":288.15},"wind":{"speed":3.1,"deg":250,"var_beg":200,"var_end":350},"clouds":{"all":0},"weather":[{"id":800,"main":"Clear","description":"Sky is Clear","icon":"01d"}]},
{"city":{"id":2993458,"name":"Monaco","findname":"MONACO","country":"MC","coord":{"lon":7.41667,"lat":43.73333},"zoom":11,"langs":[{"ca":"Mònaco"},{"da":"Monaco"},{"de":"Monaco"},{"el":"Μονακό"},{"en":"Monaco"},{"eo":"Monako"},{"es":"Mónaco"},{"fi":"Monaco"},{"fr":"Monaco"},{"is":"Mónakó"},{"it":"Monaco"},{"link":"http:\/\/en.wikipedia.org\/wiki\/Monaco-Ville"},{"pt":"Mónaco"},{"ru":"Монако"},{"sv":"Monaco"}]},"time":1489488588,"main":{"temp":289.15,"pressure":1028,"humidity":63,"temp_min":289.15,"temp_max":289.15},"wind":{"speed":3.1,"deg":150,"var_beg":120,"var_end":200},"clouds":{"all":0},"weather":[{"id":800,"main":"Clear","description":"Sky is Clear","icon":"01d"}]},
{"city":{"id":6077243,"name":"Montreal","findname":"MONTREAL","country":"CA","coord":{"lon":-73.587807,"lat":45.508839},"zoom":5},"time":1489489460,"main":{"temp":263.42,"pressure":1026,"humidity":61,"temp_min":262.15,"temp_max":264.15},"wind":{"speed":4.6,"deg":50},"clouds":{"all":90},"weather":[{"id":600,"main":"Snow","description":"light snow","icon":"13n"}]},
{"city":{"id":5601538,"name":"Moscow","findname":"MOSCOW","country":"US","coord":{"lon":-117.000168,"lat":46.732391},"zoom":10,"langs":[{"link":"http:\/\/en.wikipedia.org\/wiki\/Moscow%2C_Idaho"},{"post":"83843"},{"ru":"Москва"}]},"time":1489488519,"main":{"temp":280.73,"pressure":1018,"humidity":93,"temp_min":280.15,"temp_max":281.15},"wind":{"speed":3.1,"deg":70},"clouds":{"all":90},"weather":[{"id":500,"main":"Rain","description":"light rain","icon":"10n"},{"id":701,"main":"Mist","description":"mist","icon":"50n"}]},
{"city":{"id":184745,"name":"Nairobi","findname":"NAIROBI","country":"KE","coord":{"lon":36.816669,"lat":-1.28333},"zoom":1},"time":1489489706,"main":{"temp":302.05,"pressure":1018,"humidity":28,"temp_min":301.15,"temp_max":303.15},"wind":{"speed":6.2,"deg":80},"clouds":{"all":20},"weather":[{"id":801,"main":"Clouds","description":"few clouds","icon":"02d"}]},
{"city":{"id":1261481,"name":"New Delhi","findname":"NEW DELHI","country":"IN","coord":{"lon":77.23114,"lat":28.61282},"zoom":13},"time":1489489238,"main":{"temp":299.15,"pressure":1015,"humidity":21,"temp_min":299.15,"temp_max":299.15},"wind":{"speed":2.6,"deg":310,"gust":7.7},"clouds":{"all":20},"weather":[{"id":721,"main":"Haze","description":"haze","icon":"50d"}]},
{"city":{"id":1853909,"name":"Osaka-shi","findname":"OSAKA-SHI","country":"JP","coord":{"lon":135.502182,"lat":34.693741},"zoom":6},"time":1489489878,"main":{"temp":281.39,"pressure":1012,"humidity":39,"temp_min":281.15,"temp_max":282.15},"wind":{"speed":9.3,"deg":350},"clouds":{"all":20},"weather":[{"id":801,"main":"Clouds","description":"few clouds","icon":"02n"}]},
{"city":{"id":3143244,"name":"Oslo","findname":"OSLO","country":"NO","coord":{"lon":10.74609,"lat":59.912731},"zoom":6},"time":1489489515,"main":{"temp":279.064,"temp_min":279.064,"temp_max":279.064,"pressure":992.41,"sea_level":1021.77,"grnd_level":992.41,"humidity":90},"wind":{"speed":4.06,"deg":198.001},"clouds":{"all":48},"weather":[{"id":802,"main":"Clouds","description":"scattered clouds","icon":"03d"}]},
{"city":{"id":2988507,"name":"Paris","findname":"PARIS","country":"FR","coord":{"lon":2.3488,"lat":48.853409},"zoom":1,"langs":[{"af":"Parys"},{"als":"Paris"},{"am":"ፓሪስ"},{"an":"París"},{"ar":"باريس"},{"arc":"ܦܪܝܣ"},{"ast":"París"},{"be":"Парыж"},{"bg":"Париж"},{"br":"Pariz"},{"ca":"París"},{"cs":"Paříž"},{"cy":"Paris"},{"da":"Paris"},{"de":"Paris"},{"el":"Παρίσι"},{"en":"Paris"},{"eo":"Parizo"},{"es":"París"},{"et":"Pariis"},{"eu":"Paris"},{"fa":"پاریس"},{"fi":"Pariisi"},{"fr":"Paris"},{"fy":"Parys"},{"ga":"Páras"},{"gd":"Paris"},{"gl":"París - Paris"},{"gv":"Paarys"},{"he":"פריז"},{"hr":"Pariz"},{"hu":"Párizs"},{"hy":"Փարիզ"},{"ia":"Paris"},{"iata":"PAR"},{"id":"Paris"},{"io":"Paris"},{"is":"París"},{"it":"Parigi"},{"ja":"パリ"},{"ka":"პარიზი"},{"kn":"ಪ್ಯಾರಿಸ್"},{"ko":"파리 시"},{"ksh":"Paris"},{"ku":"Parîs"},{"kw":"Paris"},{"la":"Lutetia Parisorum"},{"lad":"Paris"},{"lb":"Paräis"},{"li":"Paries"},{"link":"http:\/\/en.wikipedia.org\/wiki\/Paris"},{"lmo":"Paris"},{"ln":"Pari"},{"lt":"Paryžius"},{"lv":"Parīze"},{"mg":"Paris"},{"mk":"Париз"},{"mr":"पॅरिस"},{"ms":"Paris"},{"na":"Paris"},{"nds":"Paris"},{"nl":"Parijs"},{"nn":"Paris"},{"no":"Paris"},{"oc":"París"},{"os":"Париж"},{"pl":"Paryż"},{"pms":"Paris"},{"pt":"Paris"},{"ro":"Paris"},{"ru":"Париж"},{"scn":"Pariggi"},{"sco":"Paris"},{"sk":"Paríž"},{"sl":"Pariz"},{"sq":"Parisi"},{"sr":"Париз"},{"sv":"Paris"},{"sw":"Paris"},{"ta":"பாரிஸ்"},{"tet":"París"},{"tg":"Париж"},{"th":"ปารีส"},{"tl":"Lungsod ng Paris"},{"tr":"Paris"},{"ty":"Paris"},{"ug":"پارىژ"},{"uk":"Париж"},{"ur":"پیرس"},{"vi":"Paris"},{"vls":"Paris"},{"zh":"巴黎"}]},"time":1489492514,"main":{"temp":285.98,"pressure":1034,"humidity":47,"temp_min":285.15,"temp_max":287.15},"wind":{"speed":2.1,"deg":260,"var_beg":190,"var_end":330},"clouds":{"all":40},"weather":[{"id":802,"main":"Clouds","description":"scattered clouds","icon":"03d"}]},
{"city":{"id":2063523,"name":"Perth","findname":"PERTH","country":"AU","coord":{"lon":115.833328,"lat":-31.933331},"zoom":1},"time":1489489760,"main":{"temp":291.85,"pressure":1011,"humidity":77,"temp_min":290.15,"temp_max":293.15},"wind":{"speed":10.3,"deg":250,"gust":15.4},"clouds":{"all":75},"weather":[{"id":520,"main":"Rain","description":"light intensity shower rain","icon":"09d"}]},
{"city":{"id":1151254,"name":"Phuket","findname":"PHUKET","country":"TH","coord":{"lon":98.398102,"lat":7.89059},"zoom":7,"langs":[{"de":"Phuket"},{"fr":"Phuket"},{"link":"http:\/\/en.wikipedia.org\/wiki\/Phuket_%28city%29"},{"nl":"Phuket"},{"pl":"Phuket"},{"ru":"Пхукет"},{"th":"ภูเก็ต"}]},"time":1489493833,"main":{"temp":303.47,"pressure":1010,"humidity":70,"temp_min":302.15,"temp_max":304.15},"wind":{"speed":4.6,"deg":290,"var_beg":260,"var_end":330},"clouds":{"all":20},"weather":[{"id":801,"main":"Clouds","description":"few clouds","icon":"02d"}]},
{"city":{"id":670889,"name":"Piatra Neamt","findname":"PIATRA NEAMT","country":"RO","coord":{"lon":26.33333,"lat":46.916672},"zoom":8},"time":1489489367,"main":{"temp":282.15,"pressure":1023,"humidity":70,"temp_min":282.15,"temp_max":282.15},"wind":{"speed":8.2,"deg":360},"clouds":{"all":75},"weather":[{"id":803,"main":"Clouds","description":"broken clouds","icon":"04d"}]},
{"city":{"id":2735943,"name":"Porto","findname":"PORTO","country":"PT","coord":{"lon":-8.61099,"lat":41.149609},"zoom":7,"langs":[{"ar":"بورتو"},{"ast":"Portu"},{"bg":"Порто"},{"ca":"Porto"},{"cs":"Porto"},{"de":"Porto"},{"el":"Πόρτο"},{"en":"Porto"},{"eo":"Porto"},{"es":"Oporto"},{"et":"Porto"},{"eu":"Porto"},{"fa":"پورتو"},{"fi":"Porto"},{"fr":"Porto"},{"gl":"Porto"},{"he":"פורטו"},{"hr":"Porto"},{"hu":"Porto"},{"iata":"OPO"},{"id":"Porto"},{"is":"Porto"},{"it":"Oporto"},{"ja":"ポルト"},{"ka":"პორტუ"},{"la":"Portus Cale"},{"link":"http:\/\/ru.wikipedia.org\/wiki\/%D0%9F%D0%BE%D1%80%D1%82%D1%83"},{"lv":"Portu"},{"nl":"Porto"},{"no":"Porto"},{"pl":"Porto"},{"pt":"Porto"},{"ro":"Porto"},{"ru":"Порту"},{"sv":"Porto"},{"tet":"Portu"},{"uk":"Порту"},{"zh":"波圖"}]},"time":1489493716,"main":{"temp":292.15,"pressure":1026,"humidity":42,"temp_min":292.15,"temp_max":292.15},"wind":{"speed":6.2,"deg":30,"var_beg":350,"var_end":80},"clouds":{"all":20},"weather":[{"id":801,"main":"Clouds","description":"few clouds","icon":"02d"}]},
{"city":{"id":3067696,"name":"Prague","findname":"PRAGUE","country":"CZ","coord":{"lon":14.42076,"lat":50.088039},"zoom":6,"langs":[{"am":"ፕራግ"},{"ar":"براغ"},{"arc":"ܦܪܓ"},{"be":"Прага"},{"bg":"Прага"},{"bo":"པུ་ལ་ཁེ"},{"bs":"Prag"},{"ca":"Praga"},{"cs":"Praha"},{"csb":"Praga"},{"cy":"Prâg"},{"da":"Prag"},{"de":"Prag"},{"el":"Πράγα"},{"en":"Prague"},{"eo":"Prago"},{"es":"Praga"},{"et":"Praha"},{"eu":"Praga"},{"fa":"پراگ"},{"fi":"Praha"},{"fr":"Prague"},{"ga":"Prág"},{"gd":"Pràg"},{"gl":"Praga"},{"he":"פראג"},{"hr":"Prag"},{"hsb":"Praha"},{"hu":"Prága"},{"ia":"Praga"},{"iata":"PRG"},{"id":"Praha"},{"io":"Praha"},{"is":"Prag"},{"it":"Praga"},{"ja":"プラハ"},{"ka":"პრაღა"},{"ko":"프라하"},{"ku":"Prag"},{"la":"Praga"},{"lb":"Prag"},{"li":"Praag"},{"link":"http:\/\/en.wikipedia.org\/wiki\/Prague"},{"lt":"Praha"},{"lv":"Prāga"},{"na":"Praha"},{"nl":"Praag"},{"nn":"Praha"},{"no":"Praha"},{"nrm":"Prague"},{"oc":"Praga"},{"os":"Прагæ"},{"pl":"Praga"},{"pt":"Praga"},{"ro":"Praga"},{"ru":"Прага"},{"sh":"Prag"},{"sk":"Praha"},{"sl":"Praga"},{"sq":"Praga"},{"sr":"Праг"},{"sv":"Prag"},{"tg":"Прага"},{"th":"ปราก"},{"tl":"Prague"},{"tr":"Prag"},{"ug":"پراگا"},{"uk":"Прага"},{"vi":"Praha"},{"zh":"布拉格"}]},"time":1489489376,"main":{"temp":281.15,"pressure":1029,"humidity":70,"temp_min":281.15,"temp_max":281.15},"wind":{"speed":5.1,"deg":320},"clouds":{"all":75},"weather":[{"id":803,"main":"Clouds","description":"broken clouds","icon":"04d"}]},
{"city":{"id":3718426,"name":"Port-au-Prince","findname":"PORT-AU-PRINCE","country":"HT","coord":{"lon":-72.334999,"lat":18.539169},"zoom":5},"time":1489488588,"main":{"temp":298.15,"pressure":1014,"humidity":73,"temp_min":298.15,"temp_max":298.15},"wind":{"speed":4.1,"deg":100},"clouds":{"all":75},"weather":[{"id":803,"main":"Clouds","description":"broken clouds","icon":"04n"}]},
{"city":{"id":1871859,"name":"Pyongyang","findname":"PYONGYANG","country":"KP","coord":{"lon":125.754318,"lat":39.033852},"zoom":7},"time":1489488595,"main":{"temp":280.15,"pressure":1022,"humidity":48,"temp_min":280.15,"temp_max":280.15},"wind":{"speed":5.7,"deg":340,"var_beg":300,"var_end":10},"clouds":{"all":20},"weather":[{"id":801,"main":"Clouds","description":"few clouds","icon":"02n"}]},
{"city":{"id":2538475,"name":"Rabat","findname":"RABAT","country":"MA","coord":{"lon":-6.83255,"lat":34.013248},"zoom":7},"time":1489493266,"main":{"temp":289.15,"pressure":1015,"humidity":72,"temp_min":289.15,"temp_max":289.15},"wind":{"speed":3.6,"deg":230,"var_beg":180,"var_end":300},"clouds":{"all":40},"weather":[{"id":802,"main":"Clouds","description":"scattered clouds","icon":"03d"}]},
{"city":{"id":3413829,"name":"Reykjavik","findname":"REYKJAVIK","country":"IS","coord":{"lon":-21.895411,"lat":64.135483},"zoom":1},"time":1489491533,"main":{"temp":277.15,"pressure":993,"humidity":64,"temp_min":277.15,"temp_max":277.15},"wind":{"speed":12.9,"deg":250},"clouds":{"all":75},"weather":[{"id":521,"main":"Rain","description":"proximity shower rain","icon":"09d"}]},
{"city":{"id":456172,"name":"Riga","findname":"RIGA","country":"LV","coord":{"lon":24.1,"lat":56.950001},"zoom":5,"langs":[{"am":"ሪጋ"},{"ar":"ريغا"},{"be":"Рыґа"},{"bg":"Рига"},{"br":"Riga"},{"bs":"Riga"},{"ca":"Riga"},{"cs":"Riga"},{"da":"Riga"},{"de":"Riga"},{"el":"Ρίγα"},{"en":"Riga"},{"eo":"Rigo"},{"es":"Riga"},{"et":"Riia"},{"eu":"Riga"},{"fi":"Riika"},{"fr":"Riga"},{"frp":"Riga"},{"gl":"Riga"},{"he":"ריגה"},{"hr":"Riga"},{"hu":"Riga"},{"iata":"RIX"},{"id":"Riga"},{"io":"Riga"},{"is":"Ríga"},{"it":"Riga"},{"ja":"リガ"},{"ka":"რიგა"},{"ko":"리가"},{"link":"http:\/\/en.wikipedia.org\/wiki\/Riga"},{"lt":"Ryga"},{"lv":"Rīga"},{"mk":"Рига"},{"mo":"Рига"},{"mr":"रिगा"},{"nds":"Riga"},{"nl":"Riga"},{"nn":"Riga"},{"no":"Riga"},{"oc":"Riga"},{"os":"Ригæ"},{"pl":"Ryga"},{"pms":"Riga"},{"pt":"Riga"},{"qu":"Riga"},{"ro":"Riga"},{"ru":"РИГА"},{"sh":"Riga"},{"sk":"Riga"},{"sq":"Riga"},{"sr":"Рига"},{"sv":"Riga"},{"tg":"Рига"},{"th":"ริกา"},{"tr":"Riga"},{"uk":"Рига"},{"zh":"里加"}]},"time":1489487539,"main":{"temp":277.15,"pressure":1025,"temp_min":277.15,"temp_max":277.15,"humidity":93},"wind":{"speed":4.6,"deg":170},"clouds":{"all":0},"weather":[{"id":800,"main":"Clear","description":"Sky is Clear","icon":"01d"}]},
{"city":{"id":3838859,"name":"Rio Gallegos","findname":"RIO GALLEGOS","country":"AR","coord":{"lon":-69.218132,"lat":-51.622608},"zoom":6},"time":1489490805,"main":{"temp":278.15,"pressure":998,"humidity":80,"temp_min":278.15,"temp_max":278.15},"wind":{"speed":1,"deg":0},"clouds":{"all":0},"weather":[{"id":800,"main":"Clear","description":"Sky is Clear","icon":"01d"}]},
{"city":{"id":3451190,"name":"Rio de Janeiro","findname":"RIO DE JANEIRO","country":"BR","coord":{"lon":-43.2075,"lat":-22.902781},"zoom":1},"time":1489490917,"main":{"temp":298.44,"pressure":1015,"humidity":83,"temp_min":298.15,"temp_max":299.15},"wind":{"speed":1.5,"deg":160},"clouds":{"all":75},"weather":[{"id":803,"main":"Clouds","description":"broken clouds","icon":"04d"}]},
{"city":{"id":108410,"name":"Riyadh","findname":"RIYADH","country":"SA","coord":{"lon":46.721851,"lat":24.687731},"zoom":1},"time":1489489404,"main":{"temp":296.15,"pressure":1017,"humidity":27,"temp_min":296.15,"temp_max":296.15},"wind":{"speed":3.6,"deg":100},"clouds":{"all":75},"weather":[{"id":761,"main":"Dust","description":"dust","icon":"50d"}]},
{"city":{"id":4219762,"name":"Rome","findname":"ROME","country":"US","coord":{"lon":-85.164673,"lat":34.257038},"zoom":8,"langs":[{"link":"http:\/\/en.wikipedia.org\/wiki\/Rome%2C_Georgia"},{"post":"30162"}]},"time":1489489053,"main":{"temp":277.64,"pressure":1014,"humidity":80,"temp_min":277.15,"temp_max":279.15},"wind":{"speed":4.6,"deg":310},"clouds":{"all":90},"weather":[{"id":804,"main":"Clouds","description":"overcast clouds","icon":"04n"}]},
{"city":{"id":1687801,"name":"Santiago","findname":"SANTIAGO","country":"PH","coord":{"lon":121.548698,"lat":16.68808},"zoom":8},"time":1489490849,"main":{"temp":296.214,"temp_min":296.214,"temp_max":296.214,"pressure":1007.57,"sea_level":1027,"grnd_level":1007.57,"humidity":94},"wind":{"speed":2.01,"deg":40.5008},"clouds":{"all":76},"weather":[{"id":501,"main":"Rain","description":"moderate rain","icon":"10n"}],"rain":{"3h":7.83}},
{"city":{"id":3492908,"name":"Santo Domingo","findname":"SANTO DOMINGO","country":"DO","coord":{"lon":-69.988571,"lat":18.50012},"zoom":5},"time":1489491793,"main":{"temp":296.15,"pressure":1016,"humidity":94,"temp_min":296.15,"temp_max":296.15},"wind":{"speed":2.1,"deg":40},"clouds":{"all":75},"weather":[{"id":803,"main":"Clouds","description":"broken clouds","icon":"04d"}]},
{"city":{"id":3583361,"name":"San Salvador","findname":"SAN SALVADOR","country":"SV","coord":{"lon":-89.18718,"lat":13.68935},"zoom":8},"time":1489489523,"main":{"temp":297.15,"pressure":1013,"humidity":94,"temp_min":297.15,"temp_max":297.15},"wind":{"speed":2.6,"deg":310,"var_beg":270,"var_end":330},"clouds":{"all":75},"weather":[{"id":501,"main":"Rain","description":"moderate rain","icon":"10n"}]},
{"city":{"id":1835848,"name":"Seoul","findname":"SEOUL","country":"KR","coord":{"lon":126.977829,"lat":37.56826},"zoom":1,"langs":[{"am":"ሶል"},{"bg":"Сеул"},{"bs":"Seul"},{"ca":"Seül"},{"cs":"Soul"},{"csb":"Seul"},{"da":"Seoul"},{"de":"Seoul"},{"el":"Σεούλ"},{"en":"Seoul"},{"eo":"Seulo"},{"es":"Seúl"},{"et":"Seoul"},{"eu":"Seul"},{"fa":"سئول"},{"fi":"Soul"},{"fr":"Séoul"},{"ga":"Seoul"},{"he":"סיאול"},{"hi":"सियोल"},{"hr":"Seul"},{"ht":"Seoul"},{"hu":"Szöul"},{"hy":"Սեուլ"},{"ia":"Seoul"},{"iata":"SEL"},{"id":"Seoul"},{"io":"Seoul"},{"it":"Seoul"},{"ja":"ソウル特別市"},{"ko":"서울특별시"},{"la":"Seulum"},{"link":"http:\/\/en.wikipedia.org\/wiki\/Seoul"},{"lt":"Seulas"},{"lv":"Seula"},{"mo":"Сеул"},{"mr":"सोल"},{"ms":"Seoul"},{"nl":"Seoel"},{"nn":"Seoul"},{"no":"Seoul"},{"pl":"Seul"},{"pt":"Seul"},{"rm":"Seoul"},{"ro":"Seul"},{"ru":"Сеул"},{"scn":"Seoul"},{"sh":"Seoul"},{"sk":"Soul"},{"sl":"Seul"},{"sq":"Seoul"},{"sr":"Сеул"},{"sv":"Seoul"},{"sw":"Seoul"},{"ta":"சியோல்"},{"tg":"Сеул"},{"th":"โซล"},{"tpi":"Seoul"},{"tr":"Seul"},{"ug":"سېئول"},{"vi":"Seoul"},{"vo":"Söul"},{"zh":"首爾"}]},"time":1489493256,"main":{"temp":278.68,"pressure":1020,"humidity":42,"temp_min":273.15,"temp_max":281.15},"wind":{"speed":0.5,"deg":40},"clouds":{"all":40},"weather":[{"id":802,"main":"Clouds","description":"scattered clouds","icon":"03n"}]},
{"city":{"id":1796236,"name":"Shanghai","findname":"SHANGHAI","country":"CN","coord":{"lon":121.458061,"lat":31.222219},"zoom":1},"time":1489487766,"main":{"temp":282.15,"pressure":1026,"humidity":42,"temp_min":282.15,"temp_max":282.15},"wind":{"speed":6,"deg":20},"clouds":{"all":0},"weather":[{"id":800,"main":"Clear","description":"Sky is Clear","icon":"01d"}]},
{"city":{"id":1795565,"name":"Shenzhen","findname":"SHENZHEN","country":"CN","coord":{"lon":114.068298,"lat":22.54554},"zoom":10,"langs":[{"ar":"شينتشين"},{"de":"Shenzhen"},{"en":"Shenzhen"},{"es":"Shenzhen"},{"eu":"Shenzhen"},{"fi":"Shenzhen"},{"fr":"Shenzhen"},{"iata":"SZX"},{"it":"Shenzhen"},{"ja":"深セン市"},{"link":"http:\/\/en.wikipedia.org\/wiki\/Shenzhen"},{"nl":"Shenzhen"},{"no":"Shenzhen"},{"pl":"Shenzhen"},{"pt":"Shenzhen"},{"ro":"Shenzhen"},{"ru":"Шэньчжэнь"},{"sv":"Shenzhen"},{"ug":"شېنجېن شەھىرى"},{"vi":"Thâm Quyến"},{"zh":"深圳市"}]},"time":1489492164,"main":{"temp":290.59,"pressure":1017,"humidity":72,"temp_min":290.15,"temp_max":291.15},"wind":{"speed":4,"deg":70,"var_beg":20,"var_end":130},"clouds":{"all":90},"weather":[{"id":500,"main":"Rain","description":"light rain","icon":"10n"},{"id":701,"main":"Mist","description":"mist","icon":"50n"}]},
{"city":{"id":1880252,"name":"Singapore","findname":"SINGAPORE","country":"SG","coord":{"lon":103.850067,"lat":1.28967},"zoom":1},"time":1489490847,"main":{"temp":301.15,"pressure":1008,"humidity":78,"temp_min":300.15,"temp_max":302.15},"wind":{"speed":5.7,"deg":200},"clouds":{"all":75},"weather":[{"id":803,"main":"Clouds","description":"broken clouds","icon":"04d"}]},
{"city":{"id":727011,"name":"Sofia","findname":"SOFIA","country":"BG","coord":{"lon":23.32415,"lat":42.69751},"zoom":6},"time":1489491572,"main":{"temp":282.15,"pressure":1022,"humidity":70,"temp_min":282.15,"temp_max":282.15},"wind":{"speed":3.1,"deg":290},"clouds":{"all":90},"weather":[{"id":804,"main":"Clouds","description":"overcast clouds","icon":"04d"}]},
{"city":{"id":2198148,"name":"Suva","findname":"SUVA","country":"FJ","coord":{"lon":178.441483,"lat":-18.141609},"zoom":1,"langs":[{"am":"ሱቫ"},{"ar":"سوفا"},{"bn":"সুভা"},{"ca":"Suva"},{"cs":"Suva"},{"da":"Suva"},{"de":"Suva"},{"el":"Σούβα"},{"en":"Suva"},{"es":"Suva"},{"eu":"Suva"},{"fa":"سووا"},{"fi":"Suva"},{"fj":"Suva"},{"fr":"Suva"},{"gl":"Suva"},{"he":"סובה"},{"hu":"Suva"},{"id":"Suva"},{"io":"Suva"},{"it":"Suva"},{"ja":"スバ"},{"ko":"수바"},{"link":"http:\/\/en.wikipedia.org\/wiki\/Suva"},{"lt":"Suva"},{"lv":"Suva"},{"nl":"Suva"},{"no":"Suva"},{"pl":"Suwa"},{"pt":"Suva"},{"ru":"Сува"},{"sk":"Suva"},{"sv":"Suva"},{"zh":"蘇瓦"}]},"time":1489492484,"main":{"temp":300.15,"pressure":1014,"humidity":83,"temp_min":300.15,"temp_max":300.15},"wind":{"speed":2.6,"deg":110},"clouds":{"all":20},"weather":[{"id":801,"main":"Clouds","description":"few clouds","icon":"02n"}]},
{"city":{"id":1668341,"name":"Taipei","findname":"TAIPEI","country":"TW","coord":{"lon":121.531853,"lat":25.04776},"zoom":5},"time":1489489519,"main":{"temp":286.62,"pressure":1021,"humidity":62,"temp_min":286.15,"temp_max":287.15},"wind":{"speed":3.1,"deg":0},"clouds":{"all":75},"weather":[{"id":803,"main":"Clouds","description":"broken clouds","icon":"04n"}]},
{"city":{"id":112931,"name":"Tehran","findname":"TEHRAN","country":"IR","coord":{"lon":51.421509,"lat":35.694389},"zoom":1},"time":1489490655,"main":{"temp":288.15,"pressure":1011,"humidity":44,"temp_min":288.15,"temp_max":288.15},"wind":{"speed":12.3,"deg":270},"clouds":{"all":20},"weather":[{"id":801,"main":"Clouds","description":"few clouds","icon":"02d"}]},
{"city":{"id":1850147,"name":"Tokyo","findname":"TOKYO","country":"JP","coord":{"lon":139.691711,"lat":35.689499},"zoom":4},"time":1489489410,"main":{"temp":281.34,"pressure":1005,"humidity":81,"temp_min":281.15,"temp_max":282.15},"wind":{"speed":8.2,"deg":10},"clouds":{"all":75},"weather":[{"id":520,"main":"Rain","description":"light intensity shower rain","icon":"09n"}]},
{"city":{"id":2509954,"name":"Valencia","findname":"VALENCIA","country":"ES","coord":{"lon":-0.37739,"lat":39.469749},"zoom":5},"time":1489490697,"main":{"temp":290.15,"pressure":1029,"humidity":59,"temp_min":290.15,"temp_max":290.15},"wind":{"speed":8.7,"deg":50,"var_beg":20,"var_end":80,"gust":13.9},"clouds":{"all":20},"weather":[{"id":801,"main":"Clouds","description":"few clouds","icon":"02d"}]},
{"city":{"id":5814616,"name":"Vancouver","findname":"VANCOUVER","country":"US","coord":{"lon":-122.661491,"lat":45.638729},"zoom":10,"langs":[{"cs":"Vancouver"},{"de":"Vancouver"},{"en":"Vancouver"},{"es":"Vancouver"},{"fr":"Vancouver"},{"id":"Vancouver"},{"link":"http:\/\/en.wikipedia.org\/wiki\/Vancouver%2C_Washington"},{"nl":"Vancouver"},{"pl":"Vancouver"},{"post":"98666"},{"pt":"Vancouver"},{"ru":"Ванкувер"},{"sl":"Predloga:Zaščitenovand"}]},"time":1489494767,"main":{"temp":285.17,"pressure":1013,"humidity":93,"temp_min":283.15,"temp_max":287.15},"wind":{"speed":6.2,"deg":120},"clouds":{"all":90},"weather":[{"id":804,"main":"Clouds","description":"overcast clouds","icon":"04n"}]},
{"city":{"id":1651944,"name":"Vientiane","findname":"VIENTIANE","country":"LA","coord":{"lon":102.599998,"lat":17.966669},"zoom":8},"time":1489491873,"main":{"temp":307.33,"pressure":1006,"humidity":33,"temp_min":306.15,"temp_max":308.15},"wind":{"speed":1,"deg":160},"clouds":{"all":0},"weather":[{"id":721,"main":"Haze","description":"haze","icon":"50d"}]},
{"city":{"id":5815135,"name":"Washington","findname":"WASHINGTON","country":"US","coord":{"lon":-120.501472,"lat":47.500118},"zoom":1,"langs":[{"abbr":"WA"},{"en":"Washington"},{"es":"Washington"},{"link":"http:\/\/en.wikipedia.org\/wiki\/Washington_%28state%29"},{"ru":"Вашингтон"}]},"time":1489487394,"main":{"temp":277.4,"pressure":1016,"humidity":86,"temp_min":275.15,"temp_max":279.15},"wind":{"speed":1.5,"deg":60},"clouds":{"all":90},"weather":[{"id":500,"main":"Rain","description":"light rain","icon":"10n"},{"id":701,"main":"Mist","description":"mist","icon":"50n"}]},
{"city":{"id":756135,"name":"Warsaw","findname":"WARSAW","country":"PL","coord":{"lon":21.01178,"lat":52.229771},"zoom":4},"time":1489491386,"main":{"temp":282.15,"pressure":1028,"humidity":42,"temp_min":282.15,"temp_max":282.15},"wind":{"speed":2.6,"deg":0},"clouds":{"all":75},"weather":[{"id":803,"main":"Clouds","description":"broken clouds","icon":"04d"}]},
{"city":{"id":2179537,"name":"Wellington","findname":"WELLINGTON","country":"NZ","coord":{"lon":174.775574,"lat":-41.28664},"zoom":5},"time":1489490881,"main":{"temp":285.15,"pressure":1024,"humidity":93,"temp_min":285.15,"temp_max":285.15},"wind":{"speed":11.3,"deg":180,"gust":17.5},"clouds":{"all":76},"weather":[{"id":500,"main":"Rain","description":"light rain","icon":"10n"},{"id":721,"main":"Haze","description":"haze","icon":"50n"}]},
{"city":{"id":6183235,"name":"Winnipeg","findname":"WINNIPEG","country":"CA","coord":{"lon":-97.147041,"lat":49.884399},"zoom":5,"langs":[{"af":"Winnipeg"},{"cs":"Winnipeg"},{"da":"Winnipeg"},{"de":"Winnipeg"},{"en":"Winnipeg"},{"eo":"Vinipego"},{"es":"Winnipeg"},{"et":"Winnipeg"},{"fa":"وینیپگ"},{"fi":"Winnipeg"},{"fr":"Winnipeg"},{"he":"ויניפג"},{"id":"Winnipeg"},{"it":"Winnipeg"},{"ja":"ウィニペグ"},{"la":"Winnipeg"},{"link":"http:\/\/en.wikipedia.org\/wiki\/Winnipeg"},{"nds":"Winnipeg"},{"nl":"Winnipeg"},{"no":"Winnipeg"},{"pl":"Winnipeg"},{"pt":"Winnipeg"},{"ru":"Виннипег"},{"sr":"Винипег"},{"sv":"Winnipeg"},{"uk":"Вінніпег"},{"zh":"温尼伯"}]},"time":1489492104,"main":{"temp":258.15,"pressure":1032,"humidity":77,"temp_min":258.15,"temp_max":258.15},"wind":{"speed":1.5,"deg":150},"clouds":{"all":5},"weather":[{"id":800,"main":"Clear","description":"sky is clear","icon":"02n"}]},
{"city":{"id":6618983,"name":"Zagreb Centar","findname":"ZAGREB CENTAR","country":"HR","coord":{"lon":15.97753,"lat":45.813129},"zoom":6},"time":1489488840,"main":{"temp":285.59,"pressure":1029,"humidity":37,"temp_min":285.15,"temp_max":286.15},"wind":{"speed":1.5,"deg":0},"clouds":{"all":0},"weather":[{"id":800,"main":"Clear","description":"Sky is Clear","icon":"01d"}]}

]
